job_id,,time (calibration),Q0_T1,Q0_T2,Q1_T1,Q1_T2,CZ_error,Readout_Q0,Readout_Q1,S-value,ab,ab_,a_b,a_b_,"qubit pair (q0, q1)",,,,,,,,,,,,,,,,,,,,,,,,,,,,,,,,,,,,,,,,,,,,
d96djlkqp3as739qfh50,ibm_fez,2026-07-07 13:49:58.564187+03:00,51.8439,49.1383,165.313,205.5103,0.0108,0.0127,0.0195,2.7092,0.6809,0.6748,0.6367,-0.7168,"142, 141",,,,,,,,,,,,,,,,,,,,,,,,,,,,,,,,,,,,,,,,,,,,
d96e8lotcv6s73djlsu0,ibm_fez,2026-07-07 14:34:47.198173+03:00,51.8439,49.1383,165.313,205.5103,0.0108,0.0127,0.0195,2.7234,0.679,0.6768,0.6421,-0.7256,"142, 141",,,,,,,,,,,,,,,,,,,,,,,,,,,,,,,,,,,,,,,,,,,,
d96ejed2su3c739grvsg,ibm_fez,2026-07-07 14:57:45.495389+03:00,51.8439,49.1383,165.313,205.5103,0.0108,0.0133,0.02,2.7239,0.6775,0.6899,0.6316,-0.7249,"142, 141",,,,,,,,,,,,,,,,,,,,,,,,,,,,,,,,,,,,,,,,,,,,
d96eqk52su3c739gs8hg,ibm_fez,2026-07-07 15:13:04.637900+03:00,51.8439,49.1383,165.313,205.5103,0.0108,0.0133,0.02,2.7256,0.6577,0.687,0.6943,-0.6865,"114, 115",,,,,,,,,,,,,,,,,,,,,,,,,,,,,,,,,,,,,,,,,,,,
d9j0bt8ii2cc73ee5m80,ibm_fez,2026-07-27 12:56:10+03:00,43.1039,9.7532,200.6166,221.7,0.0105,0.0112,0.0249,2.7427,0.6685,0.679,0.6975,-0.6978,"59, 75",,,,,,,,,,,,,,,,,,,,,,,,,,,,,,,,,,,,,,,,,,,,
d9jj8kgii2cc73eetr90,ibm_fez,2026-07-28 09:07:23+03:00,43.1039,9.7532,200.6166,221.7,0.0106,0.0112,0.0249,2.6404,0.6511,0.6738,0.6614,-0.6541,"111, 110",,,,,,,,,,,,,,,,,,,,,,,,,,,,,,,,,,,,,,,,,,,,
d9kt9lqbr2fc73e7s920,ibm_fez,2026-07-29 23:45:04+03:00,44.882,11.0874,237.4401,232.1073,0.009,0.0111,0.017,2.6982,0.6704,0.6995,0.6775,-0.6509,"23, 22",,,,,,,,,,,,,,,,,,,,,,,,,,,,,,,,,,,,,,,,,,,,
d9kto12br2fc73e7soqg,ibm_fez,2026-07-29 23:45:04+03:00,44.882,11.0874,237.4401,232.1073,0.009,0.0111,0.017,2.6956,0.6846,0.7002,0.6631,-0.6477,"23, 22",,,,,,,,,,,,,,,,,,,,,,,,,,,,,,,,,,,,,,,,,,,,
d9lgk5jhdfks73ckva30,ibm_fez,2026-07-30 11:54:55+03:00,44.882,11.0874,237.4401,232.1073,0.0088,0.0112,0.0132,2.5798,0.6331,0.6526,0.6604,-0.6338,"70, 69",,,,,,,,,,,,,,,,,,,,,,,,,,,,,,,,,,,,,,,,,,,,
d9lgkaibr2fc73e8ltug,ibm_fez,2026-07-30 11:54:55+03:00,44.882,11.0874,237.4401,232.1073,0.0088,0.0112,0.0132,2.6082,0.6541,0.656,0.6497,-0.6484,"70, 69",,,,,,,,,,,,,,,,,,,,,,,,,,,,,,,,,,,,,,,,,,,,
d9lgkirhdfks73ckval0,ibm_fez,2026-07-30 11:54:55+03:00,44.882,11.0874,237.4401,232.1073,0.0088,0.0112,0.0132,2.5869,0.6445,0.6514,0.6436,-0.6475,"70, 69",,,,,,,,,,,,,,,,,,,,,,,,,,,,,,,,,,,,,,,,,,,,
d9lgkqoii2cc73ehfsmg,ibm_fez,2026-07-30 11:54:55+03:00,44.882,11.0874,237.4401,232.1073,0.0088,0.0112,0.0132,2.6006,0.6563,0.6531,0.6416,-0.6497,"70, 69",,,,,,,,,,,,,,,,,,,,,,,,,,,,,,,,,,,,,,,,,,,,
d9q4etclp7es73b4gju0,ibm_fez,2026-08-06 10:05:02+03:00,49.6221,50.589,133.0653,122.77,0.0066,0.0112,0.0188,2.7024,0.7007,0.6692,0.6533,-0.6792,"22, 23",,,,,,,,,,,,,,,,,,,,,,,,,,,,,,,,,,,,,,,,,,,,
d9q4f9fv9q4s73bhp4o0,ibm_fez,2026-08-06 10:05:02+03:00,49.6221,50.589,133.0653,122.77,0.0066,0.0112,0.0188,2.7312,0.7109,0.6682,0.6714,-0.6807,"22, 23",,,,,,,,,,,,,,,,,,,,,,,,,,,,,,,,,,,,,,,,,,,,
d9q4fjklp7es73b4gkog,ibm_fez,2026-08-06 10:05:02+03:00,49.6221,50.589,133.0653,122.77,0.0066,0.0112,0.0188,2.7024,0.688,0.666,0.6628,-0.6855,"22, 23",,,,,,,,,,,,,,,,,,,,,,,,,,,,,,,,,,,,,,,,,,,,
d9q4fp242q2c73b8nlh0,ibm_fez,2026-08-06 10:05:02+03:00,49.6221,50.589,133.0653,122.77,0.0066,0.0112,0.0188,2.7031,0.6919,0.6636,0.6636,-0.6841,"22, 23",,,,,,,,,,,,,,,,,,,,,,,,,,,,,,,,,,,,,,,,,,,,
daa08cerbfbs73ci4u60,ibm_fez,2026-08-30 12:54:49+03:00,41.7834,42.6500,209.5801,254.9512,0.0066,0.0192,0.0190,2.4976,0.6187,0.6895,0.5972,-0.5923,"21, 22",,,,,,,,,,,,,,,,,,,,,,,,,,,,,,,,,,,,,,,,,,,,
daa08lce74ec73ak8ho0,ibm_fez,2026-08-30 12:54:49+03:00,41.7834,42.6500,209.5801,254.9512,0.0066,0.0192,0.0190,2.4963,0.6152,0.6882,0.5952,-0.5977,"21, 22",,,,,,,,,,,,,,,,,,,,,,,,,,,,,,,,,,,,,,,,,,,,
daa08terbfbs73ci4uv0,ibm_fez,2026-08-30 12:54:49+03:00,41.7834,42.6500,209.5801,254.9512,0.0066,0.0192,0.0190,2.5293,0.6292,0.6772,0.6216,-0.6013,"21, 22",,,,,,,,,,,,,,,,,,,,,,,,,,,,,18 groups,,,,,,,,,,,,,,,
daa092kjbipc73ffbiu0,ibm_fez,2026-08-30 12:54:49+03:00,41.7834,42.6500,209.5801,254.9512,0.0066,0.0192,0.0190,2.5383,0.6321,0.7024,0.6196,-0.5842,"21, 22",,,,,,,,,,,,,,,,,,,,,,,,,,,,,,,,,,,,,,,,,,,,
daakn89qtnsc73d2qf10,ibm_fez,2026-08-31 11:46:08+03:00,52.6801,44.2796,160.6634,171.7689,0.0066,0.0122,0.0389,2.6865,0.6770,0.6584,0.6836,-0.6675,,,,,,,,,,,,,,,,,,,,,Q0_T1,Q0_T2,Q1_T1,Q1_T2,CZ_error,Readout_Q0,Readout_Q1,S value,,Q0_T1,Q0_T2,Q1_T1,Q1_T2,CZ_error,Readout_Q0,Readout_Q1,S value,,Range,SD,,,,,
daaknpcjbipc73fg338g,ibm_fez,2026-08-31 11:46:08+03:00,52.6801,44.2796,160.6634,171.7689,0.0066,0.0122,0.0389,2.6743,0.6670,0.6646,0.6875,-0.6553,,,,,,,,,,,,,,,,,,,,,51.8439,49.1383,165.313,205.5103,0.0108,0.0127,0.0195,2.7092,,51.8439,49.1383,165.313,205.5103,0.0108,0.013,0.0195,2.7092,4,0.0164,0.0076,,,,,
daakofkjbipc73fg344g,ibm_fez,2026-08-31 11:46:08+03:00,52.6801,44.2796,160.6634,171.7689,0.0066,0.0122,0.0389,2.6616,0.6699,0.6628,0.6726,-0.6563,,,,,,,,,,,,,,,,,,,,,51.8439,49.1383,165.313,205.5103,0.0108,0.0127,0.0195,2.7234,,51.8439,49.1383,165.313,205.5103,0.0108,0.013,0.0195,2.7234,,,,,,,,
daakooerbfbs73cisijg,ibm_fez,2026-08-31 11:46:08+03:00,52.6801,44.2796,160.6634,171.7689,0.0066,0.0122,0.0389,2.6843,0.6821,0.6555,0.6711,-0.6755,"137, 147",,,,,,,,,,,,,,,,,,,,51.8439,49.1383,165.313,205.5103,0.0108,0.0133,0.0195,2.7239,,51.8439,49.1383,165.313,205.5103,0.0108,0.013,0.0195,2.7239,,,,,,,,
d971ngif47jc73a668ag,ibm_kingston,2026-07-08 12:43:30.143039+03:00,366.9678,328.1265,232.1681,350.502,0.001,0.0066,0.0083,2.751,0.7007,0.6912,0.6636,-0.6956,"149, 148",,,,,,,,,,,,,,,,,,,,51.8439,49.1383,165.313,205.5103,0.0108,0.0133,0.0195,2.7256,,51.8439,49.1383,165.313,205.5103,0.0108,0.013,0.0195,2.7256,,,,,,,,
d971t64qp3as739r6s70,ibm_kingston,2026-07-08 12:55:36.678185+03:00,366.9678,328.1265,232.1681,350.502,0.001,0.0066,0.0083,2.7822,0.689,0.696,0.6729,-0.7244,"149, 148",,,,,,,,,,,,,,,,,,,,43.1039,9.7532,200.6166,221.7,0.0105,0.0112,0.0249,2.7427,,43.1039,9.7532,200.6166,221.7,0.0105,0.0112,0.0249,2.7427,2,0.1023,0.0723,,,,,
d971vol2su3c739hhumg,ibm_kingston,2026-07-08 13:01:06.645480+03:00,366.9678,328.1265,232.1681,350.502,0.001,0.0066,0.0083,2.7527,0.6833,0.7012,0.6768,-0.6914,"149, 148",,,,,,,,,,,,,,,,,,,,43.1039,9.7532,200.6166,221.7,0.0106,0.0112,0.0249,2.6404,,43.1039,9.7532,200.6166,221.7,0.0106,0.0112,0.0249,2.6404,,,,,,,,
d9722mqf47jc73a66ko0,ibm_kingston,2026-07-08 13:07:23.141758+03:00,366.9678,328.1265,232.1681,350.502,0.001,0.0066,0.0083,2.7717,0.6931,0.6958,0.6777,-0.7051,"149, 148",,,,,,,,,,,,,,,,,,,,44.882,11.0874,237.4401,232.1073,0.009,0.0111,0.017,2.6982,,44.882,11.0874,237.4401,232.1073,0.0088,0.0112,0.0132,2.5798,4,0.0284,0.0129,,,,,
d9eu49cjeosc73fj8dvg,ibm_kingston,2026-07-20 11:38:39+03:00,277.2053,335.4306,130.9283,207.8873,0.0008,0.0129,0.0134,2.679,0.6567,0.6961,0.6733,-0.6528,"44, 45",,,,,,,,,,,,,,,,,,,,44.882,11.0874,237.4401,232.1073,0.009,0.0111,0.017,2.6956,,44.882,11.0874,237.4401,232.1073,0.0088,0.0112,0.0132,2.6082,,,,,,,,
d9eu55ineu4c739otff0,ibm_kingston,2026-07-20 11:38:39+03:00,277.2053,335.4306,130.9283,207.8873,0.0008,0.0129,0.0134,2.6748,0.6606,0.698,0.6711,-0.645,"44, 45",,,,,,,,,,,,,,,,,,,,44.882,11.0874,237.4401,232.1073,0.0088,0.0112,0.0132,2.5798,,44.882,11.0874,237.4401,232.1073,0.0088,0.0112,0.0132,2.5869,,,,,,,,
d9eu8ukjeosc73fj8il0,ibm_kingston,2026-07-20 11:38:39+03:00,277.2053,335.4306,130.9283,207.8873,0.0008,0.0129,0.0134,2.6575,0.6668,0.6749,0.6653,-0.6506,"44, 45",,,,,,,,,,,,,,,,,,,,44.882,11.0874,237.4401,232.1073,0.0088,0.0112,0.0132,2.6082,,44.882,11.0874,237.4401,232.1073,0.0088,0.0112,0.0132,2.6006,,,,,,,,
d9eu9a4jeosc73fj8j20,ibm_kingston,2026-07-20 11:38:39+03:00,277.2053,335.4306,130.9283,207.8873,0.0008,0.0129,0.0134,2.6536,0.6548,0.6775,0.6736,-0.6477,"44, 45",,,,,,,,,,,,,,,,,,,,44.882,11.0874,237.4401,232.1073,0.0088,0.0112,0.0132,2.5869,,49.6221,50.589,133.0653,122.77,0.0066,0.0112,0.0188,2.7024,4,0.0288,0.0143,,,,,
d9lghrqbr2fc73e8lqng,ibm_kingston,2026-07-30 10:15:22+03:00,328.4825,337.8535,337.2309,395.4744,0.0008,0.0355,0.2104,2.781,0.7273,0.7119,0.6707,-0.6711,"149, 148",,,,,,,,,,,,,,,,,,,,44.882,11.0874,237.4401,232.1073,0.0088,0.0112,0.0132,2.6006,,49.6221,50.589,133.0653,122.77,0.0066,0.0112,0.0188,2.7312,,,,,,,,
d9lgi2qbr2fc73e8lr00,ibm_kingston,2026-07-30 11:10:23+03:00,328.4825,337.8535,337.2309,395.4744,0.0008,0.0355,0.2104,2.7363,0.7236,0.7019,0.6565,-0.6543,"149, 148",,,,,,,,,,,,,,,,,,,,49.6221,50.589,133.0653,122.77,0.0066,0.0112,0.0188,2.7024,,49.6221,50.589,133.0653,122.77,0.0066,0.0112,0.0188,2.7024,,,,,,,,
d9lgid3hdfks73ckv7sg,ibm_kingston,2026-07-30 11:10:23+03:00,328.4825,337.8535,337.2309,395.4744,0.0008,0.0355,0.2104,2.7825,0.7278,0.7112,0.6731,-0.6704,"149, 148",,,,,,,,,,,,,,,,,,,,49.6221,50.589,133.0653,122.77,0.0066,0.0112,0.0188,2.7312,,49.6221,50.589,133.0653,122.77,0.0066,0.0112,0.0188,2.7031,,,,,,,,
d9lgitoii2cc73ehfq20,ibm_kingston,2026-07-30 11:10:23+03:00,328.4825,337.8535,337.2309,395.4744,0.0008,0.0355,0.2104,2.7749,0.7146,0.7061,0.6782,-0.676,"149, 148",,,,,,,,,,,,,,,,,,,,49.6221,50.589,133.0653,122.77,0.0066,0.0112,0.0188,2.7024,,41.7834,42.6500,209.5801,254.9512,0.0066,0.0192,0.0190,2.4976,4,0.042,0.0216,,,,,
d9q40f242q2c73b8n67g,ibm_kingston,2026-08-06 16:26:12+03:00,388.1287,428.2319,220.4664,342.3972,0.001,0.0574,0.2095,2.7112,0.6746,0.6731,0.6899,-0.6736,"88, 89",,,,,,,,,,,,,,,,,,,,49.6221,50.589,133.0653,122.77,0.0066,0.0112,0.0188,2.7031,,41.7834,42.6500,209.5801,254.9512,0.0066,0.0192,0.0190,2.4963,,,,,,,,
d9q41di42q2c73b8n76g,ibm_kingston,2026-08-06 16:26:12+03:00,388.1287,428.2319,220.4664,342.3972,0.001,0.0574,0.2095,2.7012,0.6694,0.6619,0.6821,-0.6877,"88, 89",,,,,,,,,,,,,,,,,,,,41.7834,42.6500,209.5801,254.9512,0.0066,0.0192,0.0190,2.4976,,41.7834,42.6500,209.5801,254.9512,0.0066,0.0192,0.0190,2.5293,,,,,,,,
d9q41ivv9q4s73bhon40,ibm_kingston,2026-08-06 16:26:12+03:00,388.1287,428.2319,220.4664,342.3972,0.001,0.0574,0.2095,2.7275,0.6709,0.6775,0.688,-0.6912,"88, 89",,,,,,,,,,,,,,,,,,,,41.7834,42.6500,209.5801,254.9512,0.0066,0.0192,0.0190,2.4963,,41.7834,42.6500,209.5801,254.9512,0.0066,0.0192,0.0190,2.5383,,,,,,,,
d9q42qclp7es73b4g7pg,ibm_kingston,2026-08-06 16:26:12+03:00,388.1287,428.2319,220.4664,342.3972,0.001,0.0574,0.2095,2.7266,0.6829,0.676,0.6863,-0.6814,"88, 89",,,,,,,,,,,,,,,,,,,,41.7834,42.6500,209.5801,254.9512,0.0066,0.0192,0.0190,2.5293,,52.6801,44.2796,160.6634,171.7689,0.0066,0.0122,0.0389,2.6865,4,0.0249,0.0114,,,,,
d9qpulftfhrs73dqmdqg,ibm_kingston,2026-08-07 11:48:42+03:00,277.9766,294.3386,272.1499,352.734,0.001,0.0504,0.2455,2.7668,0.7195,0.6904,0.6887,-0.6682,"149, 148",,,,,,,,,,,,,,,,,,,,41.7834,42.6500,209.5801,254.9512,0.0066,0.0192,0.0190,2.5383,,52.6801,44.2796,160.6634,171.7689,0.0066,0.0122,0.0389,2.6743,,,,,,,,
d9qpv01dsedc73afmcb0,ibm_kingston,2026-08-07 11:48:42+03:00,277.9766,294.3386,272.1499,352.734,0.001,0.0504,0.2455,2.7771,0.7271,0.7,0.6904,-0.6597,"149, 148",,,,,,,,,,,,,,,,,,,,52.6801,44.2796,160.6634,171.7689,0.0066,0.0122,0.0389,2.6865,,52.6801,44.2796,160.6634,171.7689,0.0066,0.0122,0.0389,2.6616,,,,,,,,
d9qpv6ftfhrs73dqmf5g,ibm_kingston,2026-08-07 11:48:42+03:00,277.9766,294.3386,272.1499,352.734,0.001,0.0504,0.2455,2.7854,0.7151,0.7056,0.6873,-0.6775,"149, 148",,,,,,,,,,,,,,,,,,,,52.6801,44.2796,160.6634,171.7689,0.0066,0.0122,0.0389,2.6743,,52.6801,44.2796,160.6634,171.7689,0.0066,0.0122,0.0389,2.6843,,,,,,,,
d9qpvbgpdb6s73e3uol0,ibm_kingston,2026-08-07 11:48:42+03:00,277.9766,294.3386,272.1499,352.734,0.001,0.0504,0.2455,2.7773,0.707,0.71,0.6797,-0.6807,"149, 148",,,,,,,,,,,,,,,,,,,,52.6801,44.2796,160.6634,171.7689,0.0066,0.0122,0.0389,2.6616,,366.9678,328.1265,232.1681,350.502,0.001,0.0066,0.0083,2.751,4,0.0312,0.0151,,,,,
d9rfnlpdsedc73agjpc0,ibm_kingston,2026-08-08 12:14:20+03:00,153.6409,205.9657,211.7616,263.1418,0.001,0.032,0.191,2.6978,0.6633,0.6746,0.6794,-0.6804,"88, 89",,,,,,,,,,,,,,,,,,,,52.6801,44.2796,160.6634,171.7689,0.0066,0.0122,0.0389,2.6843,,366.9678,328.1265,232.1681,350.502,0.001,0.0066,0.0083,2.7822,,,,,,,,
d9rfp09dsedc73agjqkg,ibm_kingston,2026-08-08 12:14:20+03:00,153.6409,205.9657,211.7616,263.1418,0.001,0.032,0.191,2.7222,0.6636,0.6782,0.6934,-0.687,"88, 89",,,,,,,,,,,,,,,,,,,,366.9678,328.1265,232.1681,350.502,0.001,0.0066,0.0083,2.751,,366.9678,328.1265,232.1681,350.502,0.001,0.0066,0.0083,2.7527,,,,,,,,
d9rfqh7pemts73csie8g,ibm_kingston,2026-08-08 12:14:20+03:00,153.6409,205.9657,211.7616,263.1418,0.001,0.032,0.191,2.7202,0.6765,0.6807,0.6841,-0.679,"88, 89",,,,,,,,,,,,,,,,,,,,366.9678,328.1265,232.1681,350.502,0.001,0.0066,0.0083,2.7822,,366.9678,328.1265,232.1681,350.502,0.001,0.0066,0.0083,2.7717,,,,,,,,
d9rfqo7tfhrs73drk1kg,ibm_kingston,2026-08-08 12:14:20+03:00,153.6409,205.9657,211.7616,263.1418,0.001,0.032,0.191,2.7246,0.6836,0.6599,0.7058,-0.6753,"88, 89",,,,,,,,,,,,,,,,,,,,366.9678,328.1265,232.1681,350.502,0.001,0.0066,0.0083,2.7527,,277.2053,335.4306,130.9283,207.8873,0.0008,0.0129,0.0134,2.679,4,0.0254,0.0125,,,,,
d96e348tcv6s73djljs0,ibm_marrakesh,2026-07-07 14:22:57.886241+03:00,304.7906,40.0785,168.495,132.6613,0.0028,0.002,0.0034,2.6416,0.6689,0.6682,0.625,-0.6794,"3, 2",,,,,,,,,,,,,,,,,,,,366.9678,328.1265,232.1681,350.502,0.001,0.0066,0.0083,2.7717,,277.2053,335.4306,130.9283,207.8873,0.0008,0.0129,0.0134,2.6748,,,,,,,,
d9717pqf47jc73a65hb0,ibm_marrakesh,2026-07-08 12:09:59.132204+03:00,360.7435,35.2025,135.9173,142.1503,0.0028,0.0031,0.0044,2.7717,0.6724,0.71,0.6934,-0.696,"6, 7",,,,,,,,,,,,,,,,,,,,277.2053,335.4306,130.9283,207.8873,0.0008,0.0129,0.0134,2.679,,277.2053,335.4306,130.9283,207.8873,0.0008,0.0129,0.0134,2.6575,,,,,,,,
d9719qaf47jc73a65kvg,ibm_marrakesh,2026-07-08 12:14:17.344035+03:00,360.7435,35.2025,135.9173,142.1503,0.0028,0.0031,0.0044,2.769,0.6724,0.7146,0.717,-0.665,"6, 7",,,,,,,,,,,,,,,,,,,,277.2053,335.4306,130.9283,207.8873,0.0008,0.0129,0.0134,2.6748,,277.2053,335.4306,130.9283,207.8873,0.0008,0.0129,0.0134,2.6536,,,,,,,,
d971baotcv6s73dkbqjg,ibm_marrakesh,2026-07-08 12:17:31.367654+03:00,360.7435,35.2025,135.9173,142.1503,0.0028,0.0031,0.0044,2.7432,0.7124,0.6704,0.6426,-0.7178,"7, 6",,,,,,,,,,,,,,,,,,,,277.2053,335.4306,130.9283,207.8873,0.0008,0.0129,0.0134,2.6575,,328.4825,337.8535,337.2309,395.4744,0.0008,0.0355,0.2104,2.781,4,0.0462,0.0218,,,,,
d971d62f47jc73a65sn0,ibm_marrakesh,2026-07-29 12:20:37+03:00,242.9149,55.8458,139.5303,121.6974,0.003,0.004,0.005,2.729,0.7007,0.6751,0.624,-0.729,"7, 6",,,,,,,,,,,,,,,,,,,,277.2053,335.4306,130.9283,207.8873,0.0008,0.0129,0.0134,2.6536,,328.4825,337.8535,337.2309,395.4744,0.0008,0.0355,0.2104,2.7363,,,,,,,,
d9ktokbjf64c739inl5g,ibm_marrakesh,2026-07-29 13:14:45+03:00,242.9149,55.8458,139.5303,121.6974,0.003,0.004,0.005,2.739,0.6951,0.6975,0.6804,-0.666,"14, 15",,,,,,,,,,,,,,,,,,,,328.4825,337.8535,337.2309,395.4744,0.0008,0.0355,0.2104,2.781,,328.4825,337.8535,337.2309,395.4744,0.0008,0.0355,0.2104,2.7825,,,,,,,,
d9ktoq2br2fc73e7spl0,ibm_marrakesh,2026-07-29 13:14:45+03:00,242.9149,55.8458,139.5303,121.6974,0.003,0.004,0.005,2.7527,0.6731,0.708,0.6816,-0.69,"14, 15",,,,,,,,,,,,,,,,,,,,328.4825,337.8535,337.2309,395.4744,0.0008,0.0355,0.2104,2.7363,,328.4825,337.8535,337.2309,395.4744,0.0008,0.0355,0.2104,2.7749,,,,,,,,
d9ktp13jf64c739inljg,ibm_marrakesh,2026-07-29 13:14:45+03:00,242.9149,55.8458,139.5303,121.6974,0.003,0.004,0.005,2.7383,0.6958,0.6956,0.669,-0.678,"14, 15",,,,,,,,,,,,,,,,,,,,328.4825,337.8535,337.2309,395.4744,0.0008,0.0355,0.2104,2.7825,,388.1287,428.2319,220.4664,342.3972,0.001,0.0574,0.2095,2.7112,4,0.0263,0.0127,,,,,
d9lgj5rhdfks73ckv8r0,ibm_marrakesh,2026-07-30 11:14:54+03:00,254.1417,35.7125,174.4632,144.1872,0.003,0.009,0.0049,2.6135,0.6536,0.6968,0.6567,-0.6064,"19, 35",,,,,,,,,,,,,,,,,,,,328.4825,337.8535,337.2309,395.4744,0.0008,0.0355,0.2104,2.7749,,388.1287,428.2319,220.4664,342.3972,0.001,0.0574,0.2095,2.7012,,,,,,,,
d9lgjaabr2fc73e8lskg,ibm_marrakesh,2026-07-30 11:14:54+03:00,254.1417,35.7125,174.4632,144.1872,0.003,0.009,0.0049,2.6641,0.6558,0.6938,0.6741,-0.6404,"19, 35",,,,,,,,,,,,,,,,,,,,388.1287,428.2319,220.4664,342.3972,0.001,0.0574,0.2095,2.7112,,388.1287,428.2319,220.4664,342.3972,0.001,0.0574,0.2095,2.7275,,,,,,,,
d9lgjg2br2fc73e8lss0,ibm_marrakesh,2026-07-30 11:14:54+03:00,254.1417,35.7125,174.4632,144.1872,0.003,0.009,0.0049,2.6956,0.6575,0.7036,0.688,-0.6465,"19, 35",,,,,,,,,,,,,,,,,,,,388.1287,428.2319,220.4664,342.3972,0.001,0.0574,0.2095,2.7012,,388.1287,428.2319,220.4664,342.3972,0.001,0.0574,0.2095,2.7266,,,,,,,,
d9lgjrrjf64c739jgqog,ibm_marrakesh,2026-07-30 11:14:54+03:00,254.1417,35.7125,174.4632,144.1872,0.003,0.009,0.0049,2.6624,0.6511,0.6938,0.6772,-0.6401,"19, 35",,,,,,,,,,,,,,,,,,,,388.1287,428.2319,220.4664,342.3972,0.001,0.0574,0.2095,2.7275,,277.9766,294.3386,272.1499,352.734,0.001,0.0504,0.2455,2.7668,4,0.0186,0.0076,,,,,
d9q434slp7es73b4g85g,ibm_marrakesh,2026-08-06 10:08:07+03:00,322.5124,34.2372,204.4216,163.923,0.0036,0.0071,0.0081,2.729,0.6765,0.675,0.6931,-0.6843,"53, 54",,,,,,,,,,,,,,,,,,,,388.1287,428.2319,220.4664,342.3972,0.001,0.0574,0.2095,2.7266,,277.9766,294.3386,272.1499,352.734,0.001,0.0504,0.2455,2.7771,,,,,,,,
d9q43mq42q2c73b8n9fg,ibm_marrakesh,2026-08-06 10:08:07+03:00,322.5124,34.2372,204.4216,163.923,0.0036,0.0071,0.0081,2.7607,0.6829,0.6826,0.687,-0.7083,"53, 54",,,,,,,,,,,,,,,,,,,,277.9766,294.3386,272.1499,352.734,0.001,0.0504,0.2455,2.7668,,277.9766,294.3386,272.1499,352.734,0.001,0.0504,0.2455,2.7854,,,,,,,,
d9q441vv9q4s73bhopi0,ibm_marrakesh,2026-08-06 10:08:07+03:00,322.5124,34.2372,204.4216,163.923,0.0036,0.0071,0.0081,2.7424,0.6792,0.689,0.6907,-0.6836,"53, 54",,,,,,,,,,,,,,,,,,,,277.9766,294.3386,272.1499,352.734,0.001,0.0504,0.2455,2.7771,,277.9766,294.3386,272.1499,352.734,0.001,0.0504,0.2455,2.7773,,,,,,,,
d9q44aclp7es73b4g9c0,ibm_marrakesh,2026-08-06 10:08:07+03:00,322.5124,34.2372,204.4216,163.923,0.0036,0.0071,0.0081,2.7778,0.6907,0.6909,0.7,-0.6963,"53, 54",,,,,,,,,,,,,,,,,,,,277.9766,294.3386,272.1499,352.734,0.001,0.0504,0.2455,2.7854,,153.6409,205.9657,211.7616,263.1418,0.001,0.032,0.191,2.6978,4,0.0268,0.0124,,,,,
d9qq89fpemts73crlnfg,ibm_marrakesh,2026-08-07 06:19:40+03:00,262.0436,41.9524,199.5923,141.8996,0.0036,0.0059,0.0068,2.7327,0.667,0.6975,0.708,-0.6602,"54, 55",,,,,,,,,,,,,,,,,,,,277.9766,294.3386,272.1499,352.734,0.001,0.0504,0.2455,2.7773,,153.6409,205.9657,211.7616,263.1418,0.001,0.032,0.191,2.7222,,,,,,,,
d9qq8qvpemts73crlo70,ibm_marrakesh,2026-08-07 06:19:40+03:00,262.0436,41.9524,199.5923,141.8996,0.0036,0.0059,0.0068,2.7371,0.677,0.7117,0.686,-0.6624,"54, 55",,,,,,,,,,,,,,,,,,,,153.6409,205.9657,211.7616,263.1418,0.001,0.032,0.191,2.6978,,153.6409,205.9657,211.7616,263.1418,0.001,0.032,0.191,2.7202,,,,,,,,
d9qq981dsedc73afmt70,ibm_marrakesh,2026-08-07 06:19:40+03:00,262.0436,41.9524,199.5923,141.8996,0.0036,0.0059,0.0068,2.7241,0.6687,0.7156,0.6914,-0.6484,"54, 55",,,,,,,,,,,,,,,,,,,,153.6409,205.9657,211.7616,263.1418,0.001,0.032,0.191,2.7222,,153.6409,205.9657,211.7616,263.1418,0.001,0.032,0.191,2.7246,,,,,,,,
d9qq9f9dsedc73afmtig,ibm_marrakesh,2026-08-07 06:19:40+03:00,262.0436,41.9524,199.5923,141.8996,0.0036,0.0059,0.0068,2.7148,0.6692,0.7021,0.7034,-0.6401,"54, 55",,,,,,,,,,,,,,,,,,,,153.6409,205.9657,211.7616,263.1418,0.001,0.032,0.191,2.7202,,360.7435,35.2025,135.9173,142.1503,0.0028,0.0031,0.0044,2.7717,3,0.0285,0.0157,,,,,
daa0bo9qtnsc73d232lg,ibm_marrakesh,2026-08-30 12:40:03+03:00,129.6260,41.4220,176.2322,142.7102,0.0036,0.0039,0.0061,2.7124,0.7034,0.6584,0.6704,-0.6802,"5, 6",,,,,,,,,,,,,,,,,,,,153.6409,205.9657,211.7616,263.1418,0.001,0.032,0.191,2.7246,,360.7435,35.2025,135.9173,142.1503,0.0028,0.0031,0.0044,2.769,,,,,,,,
daa0bvmrbfbs73ci53ug,ibm_marrakesh,2026-08-30 12:40:03+03:00,129.6260,41.4220,176.2322,142.7102,0.0036,0.0039,0.0061,2.7095,0.7026,0.6606,0.6599,-0.6863,"5, 6",,,,,,,,,,,,,,,,,,,,360.7435,35.2025,135.9173,142.1503,0.0028,0.0031,0.0044,2.7717,,360.7435,35.2025,135.9173,142.1503,0.0028,0.0031,0.0044,2.7432,,,,,,,,
daa0c3hqtnsc73d233f0,ibm_marrakesh,2026-08-30 12:40:03+03:00,129.6260,41.4220,176.2322,142.7102,0.0036,0.0039,0.0061,2.7095,0.6831,0.6650,0.6743,-0.6870,"5, 6",,,,,,,,,,,,,,,,,,,,360.7435,35.2025,135.9173,142.1503,0.0028,0.0031,0.0044,2.769,,242.9149,55.8458,139.5303,121.6974,0.003,0.004,0.005,2.729,4,0.0237,0.0098,,,,,
daa0c8erbfbs73ci54e0,ibm_marrakesh,2026-08-30 12:40:03+03:00,129.6260,41.4220,176.2322,142.7102,0.0036,0.0039,0.0061,2.7534,0.7019,0.6838,0.6741,-0.6936,"5, 6",,,,,,,,,,,,,,,,,,,,360.7435,35.2025,135.9173,142.1503,0.0028,0.0031,0.0044,2.7432,,242.9149,55.8458,139.5303,121.6974,0.003,0.004,0.005,2.739,,,,,,,,
,,,,,,,,,,,,,,,,,,,,,,,,,,,,,,,,,,,242.9149,55.8458,139.5303,121.6974,0.003,0.004,0.005,2.729,,242.9149,55.8458,139.5303,121.6974,0.003,0.004,0.005,2.7527,,,,,,,,
,,,,,,,,,,,,,,,,,,,,,,,,,,,,,,,,,,,242.9149,55.8458,139.5303,121.6974,0.003,0.004,0.005,2.739,,242.9149,55.8458,139.5303,121.6974,0.003,0.004,0.005,2.7383,,,,,,,,
,,,,,,,,,,,,,,,,,,,,,,,,,,,,,,,,,,,242.9149,55.8458,139.5303,121.6974,0.003,0.004,0.005,2.7527,,254.1417,35.7125,174.4632,144.1872,0.003,0.009,0.0049,2.6135,4,0.0821,0.0339,,,,,
,,,,,,,,,,,,,,,,,,,,,,,,,,,,,,,,,,,242.9149,55.8458,139.5303,121.6974,0.003,0.004,0.005,2.7383,,254.1417,35.7125,174.4632,144.1872,0.003,0.009,0.0049,2.6641,,,,,,,,
,time,Q0_T1,Q0_T2,Q1_T1,Q1_T2,CZ_error,Readout_Q0,Readout_Q1,S-value,,,,,,,,,,,,,,,16-group setting (each calibration has exactly 4 runs),,,,,,,,,,,254.1417,35.7125,174.4632,144.1872,0.003,0.009,0.0049,2.6135,,254.1417,35.7125,174.4632,144.1872,0.003,0.009,0.0049,2.6956,,,,,,,,
ibm_fez,2026-07-07 15:13:04.637900+03:00,51.8439,49.1383,165.313,205.5103,0.0108,0.0133,0.02,2.72055,,,time,Q0_T1,Q0_T2,Q1_T1,Q1_T2,CZ_error,Readout_Q0,Readout_Q1,S-value,,,Q0_T1,Q0_T2,Q1_T1,Q1_T2,CZ_error,Readout_Q0,Readout_Q1,,,,,,254.1417,35.7125,174.4632,144.1872,0.003,0.009,0.0049,2.6641,,254.1417,35.7125,174.4632,144.1872,0.003,0.009,0.0049,2.6624,,,,,,,,
,2026-07-28 09:07:23+03:00,43.1039,9.7532,200.6166,221.7,0.0106,0.0112,0.0249,2.6916,,ibm_fez,2026-07-07 13:49:58.564187+03:00,51.8439,49.1383,165.313,205.5103,0.0108,0.013,0.01975,2.72055,,fez,51.8439,49.1383,165.313,205.5103,0.0108,0.0133,0.02,2.720525,,,,,254.1417,35.7125,174.4632,144.1872,0.003,0.009,0.0049,2.6956,,322.5124,34.2372,204.4216,163.923,0.0036,0.0071,0.0081,2.729,4,0.0488,0.0213,,,,,
,2026-07-29 23:45:04+03:00,44.882,11.0874,237.4401,232.1073,0.009,0.0111,0.017,2.6969,,,2026-07-28 09:07:23+03:00,43.1039,9.7532,200.6166,221.7,0.0106,0.0112,0.0249,2.6916,,,44.882,11.0874,237.4401,232.1073,0.0088,0.0112,0.0132,2.593875,,,,,254.1417,35.7125,174.4632,144.1872,0.003,0.009,0.0049,2.6624,,322.5124,34.2372,204.4216,163.923,0.0036,0.0071,0.0081,2.7607,,,,,,,,
,2026-07-30 11:54:55+03:00,44.882,11.0874,237.4401,232.1073,0.0088,0.0112,0.0132,2.5939,,,2026-07-29 23:45:04+03:00,44.882,11.0874,237.4401,232.1073,0.0089,0.0115,0.0151,2.6454,,,49.6221,50.589,133.0653,122.77,0.0066,0.0112,0.0188,2.709775,,,,,322.5124,34.2372,204.4216,163.923,0.0036,0.0071,0.0081,2.729,,322.5124,34.2372,204.4216,163.923,0.0036,0.0071,0.0081,2.7424,,,,,,,,
,2026-08-06 10:05:02+03:00,49.6221,50.589,133.0653,122.77,0.0066,0.0112,0.0188,2.7098,,,2026-08-06 10:05:02+03:00,49.6221,50.589,133.0653,122.77,0.0066,0.0112,0.0188,2.7098,,,41.7834,42.6500,209.5801,254.9512,0.0066,0.0192,0.0190,2.5154,,,,,322.5124,34.2372,204.4216,163.923,0.0036,0.0071,0.0081,2.7607,,322.5124,34.2372,204.4216,163.923,0.0036,0.0071,0.0081,2.7778,,,,,,,,
,2026-08-30 12:54:49+03:00,41.7834,42.6500,209.5801,254.9512,0.0066,0.0192,0.0190,2.5154,,,2026-08-30 12:54:49+03:00,41.7834,42.6500,209.5801,254.9512,0.0066,0.0192,0.0190,2.5154,,,52.6801,44.2796,160.6634,171.7689,0.0066,0.0122,0.0389,2.6767,,,,,322.5124,34.2372,204.4216,163.923,0.0036,0.0071,0.0081,2.7424,,262.0436,41.9524,199.5923,141.8996,0.0036,0.0059,0.0068,2.7327,4,0.0223,0.0099,,,,,
,2026-08-31 11:46:08+03:00,52.6801,44.2796,160.6634,171.7689,0.0066,0.0122,0.0389,2.6767,,,2026-08-31 11:46:08+03:00,52.6801,44.2796,160.6634,171.7689,0.0066,0.0122,0.0389,2.6767,,king,366.9678,328.1265,232.1681,350.502,0.001,0.0066,0.0083,2.7644,,,,,322.5124,34.2372,204.4216,163.923,0.0036,0.0071,0.0081,2.7778,,262.0436,41.9524,199.5923,141.8996,0.0036,0.0059,0.0068,2.7371,,,,,,,,
,,,,,,,,,,,,,,,,,,,,,,,277.2053,335.4306,130.9283,207.8873,0.0008,0.0129,0.0134,2.6625,,,,,262.0436,41.9524,199.5923,141.8996,0.0036,0.0059,0.0068,2.7327,,262.0436,41.9524,199.5923,141.8996,0.0036,0.0059,0.0068,2.7241,,,,,,,,
ibm_marrakesh,2026-07-07 14:22:57.886241+03:00,304.7906,40.0785,168.495,132.6613,0.0028,0.002,0.0034,2.6416,,ibm_marrakesh,2026-07-08 12:14:17.344035+03:00,360.7435,35.2025,135.9173,142.1503,0.0028,0.0031,0.0044,2.7639,,,328.4825,337.8535,337.2309,395.4744,0.0008,0.0355,0.2104,2.7687,,,,,262.0436,41.9524,199.5923,141.8996,0.0036,0.0059,0.0068,2.7371,,262.0436,41.9524,199.5923,141.8996,0.0036,0.0059,0.0068,2.7148,,,,,,,,
,2026-07-08 12:14:17.344035+03:00,360.7435,35.2025,135.9173,142.1503,0.0028,0.0031,0.0044,2.7639,,,2026-07-29 13:14:45+03:00,242.9149,55.8458,139.5303,121.6974,0.003,0.004,0.005,2.7398,,,388.1287,428.2319,220.4664,342.3972,0.001,0.0574,0.2095,2.716625,,,,,262.0436,41.9524,199.5923,141.8996,0.0036,0.0059,0.0068,2.7241,,129.6260,41.4220,176.2322,142.7102,0.0036,0.0039,0.0061,2.7124,4,0.0439,0.0215,,,,,
,2026-07-29 13:14:45+03:00,242.9149,55.8458,139.5303,121.6974,0.003,0.004,0.005,2.7398,,,2026-07-30 11:14:54+03:00,254.1417,35.7125,174.4632,144.1872,0.003,0.009,0.0049,2.6589,,,277.9766,294.3386,272.1499,352.734,0.001,0.0504,0.2455,2.77665,,,,,262.0436,41.9524,199.5923,141.8996,0.0036,0.0059,0.0068,2.7148,,129.6260,41.4220,176.2322,142.7102,0.0036,0.0039,0.0061,2.7095,,,,,,,,
,2026-07-30 11:14:54+03:00,254.1417,35.7125,174.4632,144.1872,0.003,0.009,0.0049,2.6589,,,2026-08-06 10:08:07+03:00,322.5124,34.2372,204.4216,163.923,0.0036,0.0071,0.0081,2.7525,,,153.6409,205.9657,211.7616,263.1418,0.001,0.032,0.191,2.7162,,,,,129.6260,41.4220,176.2322,142.7102,0.0036,0.0039,0.0061,2.7124,,129.6260,41.4220,176.2322,142.7102,0.0036,0.0039,0.0061,2.7095,,,,,,,,
,2026-08-06 10:08:07+03:00,322.5124,34.2372,204.4216,163.923,0.0036,0.0071,0.0081,2.7525,,,2026-08-07 06:19:40+03:00,262.0436,41.9524,199.5923,141.8996,0.0036,0.0059,0.0068,2.7272,,mark,242.9149,55.8458,139.5303,121.6974,0.003,0.004,0.005,2.7396,,,,,129.6260,41.4220,176.2322,142.7102,0.0036,0.0039,0.0061,2.7095,,129.6260,41.4220,176.2322,142.7102,0.0036,0.0039,0.0061,2.7534,,,,,,,,
,2026-08-07 06:19:40+03:00,262.0436,41.9524,199.5923,141.8996,0.0036,0.0059,0.0068,2.7272,,,2026-08-30 12:40:03+03:00,129.6260,41.4220,176.2322,142.7102,0.0036,0.0039,0.0061,2.7212,,,254.1417,35.7125,174.4632,144.1872,0.003,0.009,0.0049,2.6589,,,,,129.6260,41.4220,176.2322,142.7102,0.0036,0.0039,0.0061,2.7095,,,,,,,,,,,,,,,,,
,2026-08-30 12:40:03+03:00,129.6260,41.4220,176.2322,142.7102,0.0036,0.0039,0.0061,2.7212,,,,,,,,,,,,,,322.5124,34.2372,204.4216,163.923,0.0036,0.0071,0.0081,2.7525,,,,,129.6260,41.4220,176.2322,142.7102,0.0036,0.0039,0.0061,2.7534,,,,,,,,,,,,,,,,,
,,,,,,,,,,,ibm_kingston,2026-07-08 12:43:30.143039+03:00,366.9678,328.1265,232.1681,350.502,0.0011,0.0066,0.0083,2.7644,,,262.0436,41.9524,199.5923,141.8996,0.0036,0.0059,0.0068,2.7272,,,,,,,,,,,,,,,,,,,,,,,,,,,,,
ibm_kingston,2026-07-08 12:43:30.143039+03:00,366.9678,328.1265,232.1681,350.502,0.0011,0.0066,0.0083,2.7644,,,2026-07-20 11:38:39+03:00,277.2053,335.4306,130.9283,207.8873,0.0008,0.0129,0.0134,2.6662,,,129.6260,41.4220,176.2322,142.7102,0.0036,0.0039,0.0061,2.7212,,,,,,,,,,,,,,,,,,,,,,,,,,,,,
,2026-07-20 11:38:39+03:00,277.2053,335.4306,130.9283,207.8873,0.0008,0.0129,0.0134,2.6662,,,2026-07-30 10:15:22+03:00,328.4825,337.8535,337.2309,395.4744,0.0008,0.0355,0.2104,2.7687,,,,,,,,,,,,,,,,,,,,,,,,,,,,,,,,,,,,,,,
,2026-07-30 10:15:22+03:00,328.4825,337.8535,337.2309,395.4744,0.0008,0.0355,0.2104,2.7687,,,2026-08-06 16:26:12+03:00,388.1287,428.2319,220.4664,342.3972,0.001,0.0574,0.2095,2.7166,,+,2026-07-07 14:22:57.886241+03:00,304.7906,40.0785,168.495,132.6613,0.0028,0.002,0.0034,2.6416,,,,,,,,,,,,,,,,,,,,,,,,,,,,
,2026-08-06 16:26:12+03:00,388.1287,428.2319,220.4664,342.3972,0.001,0.0574,0.2095,2.7166,,,2026-08-07 11:48:42+03:00,277.9766,294.3386,272.1499,352.734,0.001,0.0504,0.2455,2.7767,,,,,,,,,,,,,,,,,,,,,,,,,,,,,,,,,,,,,,,
,2026-08-07 11:48:42+03:00,277.9766,294.3386,272.1499,352.734,0.001,0.0504,0.2455,2.7767,,,2026-08-08 12:14:20+03:00,153.6409,205.9657,211.7616,263.1418,0.001,0.032,0.191,2.7162,,,,,,,,,,,,,,,,,,,,,,,,,,,,,,,,,,,,,,,
,2026-08-08 12:14:20+03:00,153.6409,205.9657,211.7616,263.1418,0.001,0.032,0.191,2.7162,,,,,,,,,,,,,,,,,,,,,,,,,,,,,,,,,,,,,,,,,,,,,,,,,,
,,,,,,,,,,,,,,,,,,,,,,,,,,,,,,,,,,,,,,,,,,,,,,,,,,,,,,,,,,,
,,,,,,,,,,,,,,,,,,,,,,,,,,,,,,,,,,,,,,,,,,,,,,,,,,,,,,,,,,,
,,,,,,,,,,,,,,,,,,,,,,,,,,,,,,,,,,,,,,,,,,,,,,,,,,,,,,,,,,,
,,,,,,,,,,,,,,,,,,,,,,,,,,,,,,,,,,,,,,,,,,,,,,,,,,,,,,,,,,,
,,,,,,,,,,,,,,,,,,,,,,,,,,,,,,,,,,,,,,,,,,,,,,,,,,,,,,,,,,,
,,,,,,,,,,,,,,,,,,,,,,,,,,,,,,,,,,,,,,,,,,,,,,,,,,,,,,,,,,,
,,,,,,,,,,,,,,,,,,,,,,,,,,,,,,,,,,,,,,,,,,,,,,,,,,,,,,,,,,,
