,Fez,,,SHOT NOISE,,,,,,,kingston,,,SHOT NOISE,,,,,,,marrakesh,,,SHOT NOISE,,,,,
,Job,S,? ab,? ab?,? a?b,? a?b?,? S,,,,Job,S,? ab,? ab?,? a?b,? a?b?,? S,,,,Job,S,? ab,? ab?,? a?b,? a?b?,? S,,
,d96djlkqp3as739qfh50,2.7092,0.008092,0.008154,0.00852,0.007704,0.016245,,,,d971ngif47jc73a668ag,2.751,0.008083,0.008204,0.008332,0.008062,0.016342,,,,d96e348tcv6s73djljs0,2.6416,0.008095,0.008103,0.008601,0.008099,0.016455,,
,d96e8lotcv6s73djlsu0,2.7234,0.008111,0.008134,0.00847,0.007603,0.016171,,,,d971t64qp3as739r6s70,2.7822,0.008155,0.008129,0.008389,0.007618,0.016177,,,,d9717pqf47jc73a65hb0,2.7717,0.008084,0.007956,0.007969,0.008108,0.016059,,
,d96ejed2su3c739grvsg,2.7239,0.008126,0.007998,0.008566,0.007611,0.016165,,,,d971vol2su3c739hhumg,2.7527,0.008201,0.008077,0.008346,0.008335,0.016482,,,,d9719qaf47jc73a65kvg,2.769,0.008084,0.007915,0.007728,0.008416,0.016087,,
,d96eqk52su3c739gs8hg,2.7256,0.008323,0.008029,0.007951,0.008034,0.016171,,,,d9722mqf47jc73a66ko0,2.7717,0.008105,0.008136,0.008301,0.008061,0.016306,,,,d971baotcv6s73dkbqjg,2.7432,0.007954,0.008236,0.008473,0.007689,0.016193,,
,d9j0bt8ii2cc73ee5m80,2.7427,0.008217,0.008111,0.007917,0.007914,0.016082,,,,d9eu49cjeosc73fj8dvg,2.679,0.008344,0.008074,0.008337,0.00838,0.016564,,,,d971d62f47jc73a65sn0,2.729,0.008081,0.008206,0.00861,0.007587,0.01623,,
,d9jj8kgii2cc73eetr90,2.6404,0.008386,0.008164,0.008287,0.008357,0.016598,,,,d9eu55ineu4c739otff0,2.6748,0.008302,0.008047,0.008371,0.00844,0.01658,,,,d9ktokbjf64c739inl5g,2.739,0.008133,0.008073,0.008199,0.008405,0.016408,,
,d9kt9lqbr2fc73e7s920,2.6982,0.008198,0.007896,0.008126,0.008388,0.016308,,,,d9eu8ukjeosc73fj8il0,2.6575,0.008247,0.00832,0.008307,0.008413,0.016643,,,,d9ktoq2br2fc73e7spl0,2.7527,0.008193,0.008,0.008194,0.008196,0.016292,,
,d9kto12br2fc73e7soqg,2.6956,0.008053,0.007888,0.00827,0.008418,0.01632,,,,d9eu9a4jeosc73fj8j20,2.6536,0.008353,0.0083,0.008277,0.008426,0.01668,,,,d9ktp13jf64c739inljg,2.7383,0.008102,0.00808,0.008265,0.008335,0.016392,,
,d9lgk5jhdfks73ckva30,2.5798,0.008552,0.008372,0.008297,0.008546,0.016885,,,,d9lghrqbr2fc73e8lqng,2.781,0.007519,0.007785,0.008321,0.008308,0.015978,,,,d9lgj5rhdfks73ckv8r0,2.6135,0.008337,0.008075,0.008333,0.008967,0.016875,,
,d9lgkaibr2fc73e8ltug,2.6082,0.008357,0.008339,0.008399,0.008411,0.016753,,,,d9lgi2qbr2fc73e8lr00,2.7363,0.007604,0.007967,0.008424,0.008426,0.016231,,,,d9lgjaabr2fc73e8lskg,2.6641,0.008323,0.008094,0.008252,0.008772,0.016736,,
,d9lgkirhdfks73ckval0,2.5869,0.008448,0.008383,0.008456,0.00842,0.016853,,,,d9lgid3hdfks73ckv7sg,2.7825,0.007513,0.007802,0.008317,0.008324,0.01598,,,,d9lgjg2br2fc73e8lss0,2.6956,0.008309,0.007934,0.008091,0.008686,0.016569,,
,d9lgkqoii2cc73ehfsmg,2.6006,0.008336,0.008367,0.008475,0.008399,0.016789,,,,d9lgitoii2cc73ehfq20,2.7749,0.007868,0.007899,0.008292,0.008283,0.016173,,,,d9lgjrrjf64c739jgqog,2.6624,0.008349,0.008094,0.00824,0.008773,0.016747,,
,d9q4etclp7es73b4gju0,2.7024,0.007883,0.00821,0.008365,0.008109,0.016287,,,,d9q40f242q2c73b8n67g,2.7112,0.008112,0.008153,0.007989,0.008142,0.016198,,,,d9q434slp7es73b4g85g,2.729,0.008113,0.0082,0.007978,0.008161,0.016229,,
,d9q4f9fv9q4s73bhp4o0,2.7312,0.00777,0.00822,0.008188,0.008094,0.01614,,,,d9q41di42q2c73b8n76g,2.7012,0.00817,0.008221,0.008087,0.00806,0.016268,,,,d9q43mq42q2c73b8n9fg,2.7607,0.008061,0.008139,0.008053,0.007897,0.01608,,
,d9q4fjklp7es73b4gkog,2.7024,0.008018,0.008242,0.008273,0.008044,0.01629,,,,d9q41ivv9q4s73bhon40,2.7275,0.00816,0.008084,0.008109,0.008106,0.01623,,,,d9q441vv9q4s73bhopi0,2.7424,0.008088,0.008084,0.008008,0.008174,0.016178,,
,d9q4fp242q2c73b8nlh0,2.7031,0.007977,0.008265,0.008265,0.008059,0.016285,,,,d9q42qclp7es73b4g7pg,2.7266,0.008023,0.008103,0.008134,0.008157,0.016209,,,,d9q44aclp7es73b4g9c0,2.7778,0.007991,0.007989,0.007886,0.008106,0.015992,,
,daa08cerbfbs73ci4u60,2.4976,0.008680037,0.0080023,0.00886195,0.008902,0.0172383,,,,d9qpulftfhrs73dqmdqg,2.7668,0.007654,0.008207,0.008131,0.008369,0.016215,,,,d9qq89fpemts73crlnfg,2.7327,0.008247,0.00809,0.007925,0.008478,0.016371,,
,daa08lce74ec73ak8ho0,2.4963,0.00871035,0.00801595,0.00887836,0.008857837,0.0172456,,,,d9qpv01dsedc73afmcb0,2.7771,0.007535,0.008207,0.008128,0.008432,0.016178,,,,d9qq8qvpemts73crlo70,2.7371,0.008201,0.007934,0.008105,0.008461,0.016373,,
,daa08terbfbs73ci4uv0,2.5293,0.008587408,0.008129507,0.008654709,0.008828,0.0171076,,,,d9qpv6ftfhrs73dqmf5g,2.7854,0.007846,0.008044,0.008158,0.008262,0.01616,,,,d9qq981dsedc73afmt70,2.7241,0.008239,0.007903,0.008068,0.008573,0.016399,,
,daa092kjbipc73ffbiu0,2.5383,0.00856137,0.007864159,0.008672197,0.008967105,0.0170516,,,,d9qpvbgpdb6s73e3uol0,2.7773,0.007995,0.007971,0.00829,0.008268,0.016266,,,,d9qq9f9dsedc73afmtig,2.7148,0.00821,0.007867,0.007853,0.008489,0.016218,,
,daakn89qtnsc73d2qf10,2.6865,0.00813154,0.008315888,0.008063855,0.008226854,0.0163702,,,,d9rfnlpdsedc73agjpc0,2.6978,0.008298,0.008232,0.008278,0.008261,0.016535,,,,daa0bo9qtnsc73d232lg,2.7124,0.00785324,0.008315888,0.008198018,0.00809888,0.0162483,,
,daaknpcjbipc73fg338g,2.6743,0.0082318,0.008255,0.00802328,0.0083457,0.0164296,,,,d9rfp09dsedc73agjqkg,2.7222,0.008294,0.008183,0.008002,0.008178,0.016331,,,,daa0bvmrbfbs73ci53ug,2.7095,0.00786198,0.0082946,0.00830136,0.00803581,0.0161588,,
,daakofkjbipc73fg344g,2.6616,0.008203,0.00827311,0.00817599,0.008336127,0.0164946,,,,d9rfqh7pemts73csie8g,2.7202,0.008182,0.008167,0.008099,0.008225,0.016339,,,,daa0c3hqtnsc73d233f0,2.7095,0.008069025,0.008251531,0.00815888,0.0080285,0.0161595,,
,daakooerbfbs73cisijg,2.6843,0.00807934,0.0083438,0.008191,0.008146754,0.0163816,,,,d9rfqo7tfhrs73drk1kg,2.7246,0.008109,0.008253,0.007923,0.008291,0.016296,,,,daa0c8erbfbs73ci54e0,2.7534,0.0078696,0.00806178,0.008160897,0.00795893,0.0160247,,
,,,,,,,,,,,,,,,,,,,,,,,,,,,,,
,,,Shot noise per device,0.016082- 0.0172456,,,,,,,,Shot noise per device,0.0160-0.0167,,,,,,,,,Shot noise per device,0.01599 - 0.016875,,,,,,
,,,S mean,2.65175,,,,,,,,S mean,2.734796,,,,,,,,,S mean,2.721811,,,,,,
,,,SD ,0.0003686,,,,,,,,SD ,0.0001878,,,,,,,,,SD ,0.0002342,,,,,,
,,,Device,Mean shot noise,SE of mean shot noise,,,,,,,,,,,,,,,,,,,,,,,,
,,,Fez,0.0165275,0.0000752,,,,,,,,,,,,,,,,,,,,,,,,
,,,Kingston,0.0163067,0.0000383,,,,,,,,,,,,,,,,,,,,,,,,
,,,Marrakesh,0.0163114,0.0000478,,,,,,,,,,,,,,,,,,,,,,,,
,,,,,,,,,,,,,,,,,,,,,,,,,,,,,
,,,,,,,,,,,,,,,,,,,,,,,,,,,,,
,,,,,,,,,,,,Device,Mean Shot Noise,SD,SE(SD),Ratio SD/Mean (CV),SE(R),,,,,,,,,,,,
,,,,,,,,,,,,Fez,0.01652755,0.00036861,0.00005435,0.022303,0.00329,,,,,,,,,,,,
,,,,,,,,,,,,Marrakesh,0.01630671,0.00018781,0.00002769,0.011517,0.001698,,,,,,,,,,,,
,,,,,,,,,,,,Kingston,0.01631143,0.00023424,0.00003454,0.014361,0.002118,,,,,,,,,,,,
,,,,,,,,,,,,,,,,,,,,,,,,,,,,,
,,Device,Standard deviation (SD),Standard error of the SD,Mean shot noise,Ratio (SD/?),Standard error of the ratio,z-score,95% CI ratio,p-value,,,Mean Shot Noise — average shot noise across the 24 CHSH runs for that device,,,,,,,,,,,,,,,,
,,Fez,0.075559,0.023894,0.016396,4.608,1.457,2.476,1.75–7.46,0.00664,,,SD — spread of shot noise values across runs,,,,,,,,,,,,,,,,
,,Kingston,0.042812,0.013538,0.016119,2.656,0.84,1.972,1.01–4.30,0.02432,,,"SE(SD) — uncertainty on that SD estimate, ? SD/?(2(n?1))",,,,,,,,,,,,,,,,
,,Marrakesh,0.037004,0.011702,0.016182,2.287,0.723,1.779,0.87–3.70,0.03759,,,"Ratio SD/Mean — coefficient of variation (CV): fractional run-to-run fluctuation of the shot noise, relative to its mean level",,,,,,,,,,,,,,,,
,,,,,,,,,,,,,"SE(R) — standard error of the CV, via the delta-method formula: SE(CV) = CV·?[1/(2(n?1)) + CV²/n]",,,,,,,,,,,,,,,,
,,,,,,,,,,,,,"Now the ratio is actually informative: Fez has roughly double the relative fluctuation in shot noise (CV ? 2.23%) compared to Marrakesh (?1.15%), with Kingston in between (?1.44%) — none of these overlap within their SE(R), so the difference in run-to-run shot-noise stability between devices looks real rather than just sampling scatter.",,,,,,,,,,,,,,,,
,,this has 16 groups with 4 runs on each group,,,,,,,,,,,,,,,,,,,,,,,,,,,
,Site,Group,S_mean,Var_shot,Var_emp,Ratio,,,,,,,,,,,,,,,,,,,,,,,
,Fez,1,2.7205,2.62E-04,5.79E-05,0.221,,,,,,,,,,,,,,,,,,,,,,,
,Fez,2,2.5939,2.83E-04,1.66E-04,0.586,,,,,,,,,,,,,,,,,,,,,,,
,Fez,3,2.7098,2.64E-04,2.04E-04,0.773,,"Overall: ?² = 50.0, dof = 48, p = 0.39, overall ratio = 1.05 — pooled across all three devices, the data is fully consistent with a shot-noise-only explanation. No detectable excess.",,,,,,,,,,,,,,,,,,,,,
,Fez,4,2.5154,2.95E-04,4.66E-04,1.584,,"Fez: ?² = 10.9, dof = 15, p = 0.76, ratio = 0.75 — shot-noise limited (if anything, slightly under-dispersed relative to shot noise, though not significantly).",,,,,,,,,,,,,,,,,,,,,
,Fez,5,2.6767,2.70E-04,1.29E-04,0.479,,"Kingston: ?² = 14.0, dof = 18, p = 0.73, ratio = 0.78 — same, shot-noise limited.",,,,,,,,,,,,,,,,,,,,,
,Kingston,1,2.7644,2.66E-04,2.29E-04,0.859,,"Marrakesh: ?² = 25.0, dof = 15, p = 0.049, ratio = 1.69 — this is the one borderline-significant result, and it's almost entirely driven by group 2, which has a 4.1× excess-variance ratio on its own.",,,,,,,,,,,,,,,,,,,,,
,Kingston,2,2.6662,2.76E-04,1.57E-04,0.57,,,,,,,,,,,,,,,,,,,,,,,
,Kingston,3,2.7687,2.59E-04,4.77E-04,1.84,,,,,,,,,,,,,,,,,,,,,,,
,Kingston,4,2.7166,2.63E-04,1.62E-04,0.614,,,,,,,,,,,,,,,,,,,,,,,
,Kingston,5,2.7767,2.62E-04,5.81E-05,0.221,,,,,,,,,,,,,,,,,,,,,,,
,Kingston,6,2.7162,2.68E-04,1.54E-04,0.573,,,,,,,,,,,,,,,,,,,,,,,
,Marrakesh,1,2.7398,2.67E-04,9.53E-05,0.357,,,,,,,,,,,,,,,,,,,,,,,
,Marrakesh,2,2.6589,2.79E-04,1.15E-03,4.114,,,,,,,,,,,,,,,,,,,,,,,
,Marrakesh,3,2.7525,2.60E-04,4.54E-04,1.747,,,,,,,,,,,,,,,,,,,,,,,
,Marrakesh,4,2.7272,2.67E-04,9.72E-05,0.364,,,,,,,,,,,,,,,,,,,,,,,
,Marrakesh,5,2.7212,2.62E-04,4.63E-04,1.765,,,,,,,,,,,,,,,,,,,,,,,
